--insert
INSERT INTO Vmoran.clientes (id_cliente,identificacion,nombres,apellidos,telefono,email) VALUES (1,'0100000001','Juan','Perez','0991110001','juan.perez1@mail.com');
INSERT INTO Vmoran.clientes VALUES (2,'0100000002','Maria','Gomez','0991110002','maria.gomez2@mail.com');
INSERT INTO Vmoran.clientes VALUES (3,'0100000003','Carlos','Lopez','0991110003','carlos.lopez3@mail.com');
INSERT INTO Vmoran.clientes VALUES (4,'0100000004','Ana','Martinez','0991110004','ana.martinez4@mail.com');
INSERT INTO Vmoran.clientes VALUES (5,'0100000005','Luis','Rodriguez','0991110005','luis.rodriguez5@mail.com');
INSERT INTO Vmoran.clientes VALUES (6,'0100000006','Carmen','Vera','0991110006','carmen.vera6@mail.com');
INSERT INTO Vmoran.clientes VALUES (7,'0100000007','Pedro','Mendoza','0991110007','pedro.mendoza7@mail.com');
INSERT INTO Vmoran.clientes VALUES (8,'0100000008','Lucia','Castro','0991110008','lucia.castro8@mail.com');
INSERT INTO Vmoran.clientes VALUES (9,'0100000009','Jorge','Ramirez','0991110009','jorge.ramirez9@mail.com');
INSERT INTO Vmoran.clientes VALUES (10,'0100000010','Paola','Ortega','0991110010','paola.ortega10@mail.com');

INSERT INTO Vmoran.clientes VALUES (11,'0100000011','Ricardo','Morales','0991110011','ricardo.morales11@mail.com');
INSERT INTO Vmoran.clientes VALUES (12,'0100000012','Diana','Flores','0991110012','diana.flores12@mail.com');
INSERT INTO Vmoran.clientes VALUES (13,'0100000013','Andres','Cedeno','0991110013','andres.cedeno13@mail.com');
INSERT INTO Vmoran.clientes VALUES (14,'0100000014','Sofia','Paredes','0991110014','sofia.paredes14@mail.com');
INSERT INTO Vmoran.clientes VALUES (15,'0100000015','Fernando','Salazar','0991110015','fernando.salazar15@mail.com');
INSERT INTO Vmoran.clientes VALUES (16,'0100000016','Valeria','Suarez','0991110016','valeria.suarez16@mail.com');
INSERT INTO Vmoran.clientes VALUES (17,'0100000017','Miguel','Espinoza','0991110017','miguel.espinoza17@mail.com');
INSERT INTO Vmoran.clientes VALUES (18,'0100000018','Natalia','Cabrera','0991110018','natalia.cabrera18@mail.com');
INSERT INTO Vmoran.clientes VALUES (19,'0100000019','Diego','Guerrero','0991110019','diego.guerrero19@mail.com');
INSERT INTO Vmoran.clientes VALUES (20,'0100000020','Camila','Navarro','0991110020','camila.navarro20@mail.com');

INSERT INTO Vmoran.clientes VALUES (21,'0100000021','Daniel','Pena','0991110021','daniel.pena21@mail.com');
INSERT INTO Vmoran.clientes VALUES (22,'0100000022','Alejandra','Reyes','0991110022','alejandra.reyes22@mail.com');
INSERT INTO Vmoran.clientes VALUES (23,'0100000023','Oscar','Benitez','0991110023','oscar.benitez23@mail.com');
INSERT INTO Vmoran.clientes VALUES (24,'0100000024','Karen','Valdez','0991110024','karen.valdez24@mail.com');
INSERT INTO Vmoran.clientes VALUES (25,'0100000025','Hector','Coronel','0991110025','hector.coronel25@mail.com');
INSERT INTO Vmoran.clientes VALUES (26,'0100000026','Monica','Rios','0991110026','monica.rios26@mail.com');
INSERT INTO Vmoran.clientes VALUES (27,'0100000027','Julio','Aguirre','0991110027','julio.aguirre27@mail.com');
INSERT INTO Vmoran.clientes VALUES (28,'0100000028','Patricia','Sanchez','0991110028','patricia.sanchez28@mail.com');
INSERT INTO Vmoran.clientes VALUES (29,'0100000029','Esteban','Vargas','0991110029','esteban.vargas29@mail.com');
INSERT INTO Vmoran.clientes VALUES (30,'0100000030','Lorena','Maldonado','0991110030','lorena.maldonado30@mail.com');

INSERT INTO Vmoran.clientes VALUES (31,'0100000031','Marco','Acosta','0991110031','marco.acosta31@mail.com');
INSERT INTO Vmoran.clientes VALUES (32,'0100000032','Rosa','Barrera','0991110032','rosa.barrera32@mail.com');
INSERT INTO Vmoran.clientes VALUES (33,'0100000033','Ivan','Cruz','0991110033','ivan.cruz33@mail.com');
INSERT INTO Vmoran.clientes VALUES (34,'0100000034','Daniela','Delgado','0991110034','daniela.delgado34@mail.com');
INSERT INTO Vmoran.clientes VALUES (35,'0100000035','Pablo','Espin','0991110035','pablo.espin35@mail.com');
INSERT INTO Vmoran.clientes VALUES (36,'0100000036','Gabriela','Fierro','0991110036','gabriela.fierro36@mail.com');
INSERT INTO Vmoran.clientes VALUES (37,'0100000037','Henry','Galarza','0991110037','henry.galarza37@mail.com');
INSERT INTO Vmoran.clientes VALUES (38,'0100000038','Irene','Herrera','0991110038','irene.herrera38@mail.com');
INSERT INTO Vmoran.clientes VALUES (39,'0100000039','Kevin','Ibarra','0991110039','kevin.ibarra39@mail.com');
INSERT INTO Vmoran.clientes VALUES (40,'0100000040','Laura','Jimenez','0991110040','laura.jimenez40@mail.com');

INSERT INTO Vmoran.clientes VALUES (41,'0100000041','Manuel','Lara','0991110041','manuel.lara41@mail.com');
INSERT INTO Vmoran.clientes VALUES (42,'0100000042','Noemi','Mejia','0991110042','noemi.mejia42@mail.com');
INSERT INTO Vmoran.clientes VALUES (43,'0100000043','Orlando','Naranjo','0991110043','orlando.naranjo43@mail.com');
INSERT INTO Vmoran.clientes VALUES (44,'0100000044','Pamela','Ochoa','0991110044','pamela.ochoa44@mail.com');
INSERT INTO Vmoran.clientes VALUES (45,'0100000045','Quinto','Pazmino','0991110045','quinto.pazmino45@mail.com');
INSERT INTO Vmoran.clientes VALUES (46,'0100000046','Rocio','Quintero','0991110046','rocio.quintero46@mail.com');
INSERT INTO Vmoran.clientes VALUES (47,'0100000047','Sergio','Rivas','0991110047','sergio.rivas47@mail.com');
INSERT INTO Vmoran.clientes VALUES (48,'0100000048','Tatiana','Sornoza','0991110048','tatiana.sornoza48@mail.com');
INSERT INTO Vmoran.clientes VALUES (49,'0100000049','Ulises','Toledo','0991110049','ulises.toledo49@mail.com');
INSERT INTO Vmoran.clientes VALUES (50,'0100000050','Vanessa','Ulloa','0991110050','vanessa.ulloa50@mail.com');

INSERT INTO Vmoran.clientes VALUES (51,'0100000051','Walter','Vinueza','0991110051','walter.vinueza51@mail.com');
INSERT INTO Vmoran.clientes VALUES (52,'0100000052','Ximena','Yanez','0991110052','ximena.yanez52@mail.com');
INSERT INTO Vmoran.clientes VALUES (53,'0100000053','Yolanda','Zambrano','0991110053','yolanda.zambrano53@mail.com');
INSERT INTO Vmoran.clientes VALUES (54,'0100000054','Alex','Alarcon','0991110054','alex.alarcon54@mail.com');
INSERT INTO Vmoran.clientes VALUES (55,'0100000055','Brenda','Bravo','0991110055','brenda.bravo55@mail.com');
INSERT INTO Vmoran.clientes VALUES (56,'0100000056','Cristian','Chavez','0991110056','cristian.chavez56@mail.com');
INSERT INTO Vmoran.clientes VALUES (57,'0100000057','Denisse','Dominguez','0991110057','denisse.dominguez57@mail.com');
INSERT INTO Vmoran.clientes VALUES (58,'0100000058','Edison','Escobar','0991110058','edison.escobar58@mail.com');
INSERT INTO Vmoran.clientes VALUES (59,'0100000059','Fabian','Farias','0991110059','fabian.farias59@mail.com');
INSERT INTO Vmoran.clientes VALUES (60,'0100000060','Gloria','Guanoluisa','0991110060','gloria.guanoluisa60@mail.com');

INSERT INTO Vmoran.clientes VALUES (61,'0100000061','Hugo','Hurtado','0991110061','hugo.hurtado61@mail.com');
INSERT INTO Vmoran.clientes VALUES (62,'0100000062','Isabel','Izquierdo','0991110062','isabel.izquierdo62@mail.com');
INSERT INTO Vmoran.clientes VALUES (63,'0100000063','Jairo','Jaramillo','0991110063','jairo.jaramillo63@mail.com');
INSERT INTO Vmoran.clientes VALUES (64,'0100000064','Karla','Klinger','0991110064','karla.klinger64@mail.com');
INSERT INTO Vmoran.clientes VALUES (65,'0100000065','Leonardo','Ledesma','0991110065','leonardo.ledesma65@mail.com');
INSERT INTO Vmoran.clientes VALUES (66,'0100000066','Marisol','Mera','0991110066','marisol.mera66@mail.com');
INSERT INTO Vmoran.clientes VALUES (67,'0100000067','Nelson','Noboa','0991110067','nelson.noboa67@mail.com');
INSERT INTO Vmoran.clientes VALUES (68,'0100000068','Olga','Ortiz','0991110068','olga.ortiz68@mail.com');
INSERT INTO Vmoran.clientes VALUES (69,'0100000069','Patricio','Pico','0991110069','patricio.pico69@mail.com');
INSERT INTO Vmoran.clientes VALUES (70,'0100000070','Ruth','Quiroz','0991110070','ruth.quiroz70@mail.com');

INSERT INTO Vmoran.clientes VALUES (71,'0100000071','Samuel','Rosero','0991110071','samuel.rosero71@mail.com');
INSERT INTO Vmoran.clientes VALUES (72,'0100000072','Teresa','Solano','0991110072','teresa.solano72@mail.com');
INSERT INTO Vmoran.clientes VALUES (73,'0100000073','Uriel','Tipan','0991110073','uriel.tipan73@mail.com');
INSERT INTO Vmoran.clientes VALUES (74,'0100000074','Veronica','Urbina','0991110074','veronica.urbina74@mail.com');
INSERT INTO Vmoran.clientes VALUES (75,'0100000075','William','Valencia','0991110075','william.valencia75@mail.com');
INSERT INTO Vmoran.clientes VALUES (76,'0100000076','Xavier','Zapata','0991110076','xavier.zapata76@mail.com');
INSERT INTO Vmoran.clientes VALUES (77,'0100000077','Yessenia','Arevalo','0991110077','yessenia.arevalo77@mail.com');
INSERT INTO Vmoran.clientes VALUES (78,'0100000078','Zoe','Bustos','0991110078','zoe.bustos78@mail.com');
INSERT INTO Vmoran.clientes VALUES (79,'0100000079','Alfredo','Calderon','0991110079','alfredo.calderon79@mail.com');
INSERT INTO Vmoran.clientes VALUES (80,'0100000080','Beatriz','Duran','0991110080','beatriz.duran80@mail.com');

INSERT INTO Vmoran.clientes VALUES (81,'0100000081','Cesar','Enriquez','0991110081','cesar.enriquez81@mail.com');
INSERT INTO Vmoran.clientes VALUES (82,'0100000082','Dolores','Figueroa','0991110082','dolores.figueroa82@mail.com');
INSERT INTO Vmoran.clientes VALUES (83,'0100000083','Emilio','Garcia','0991110083','emilio.garcia83@mail.com');
INSERT INTO Vmoran.clientes VALUES (84,'0100000084','Fernanda','Hidalgo','0991110084','fernanda.hidalgo84@mail.com');
INSERT INTO Vmoran.clientes VALUES (85,'0100000085','Gonzalo','Intriago','0991110085','gonzalo.intriago85@mail.com');
INSERT INTO Vmoran.clientes VALUES (86,'0100000086','Helena','Jijon','0991110086','helena.jijon86@mail.com');
INSERT INTO Vmoran.clientes VALUES (87,'0100000087','Ignacio','Luna','0991110087','ignacio.luna87@mail.com');
INSERT INTO Vmoran.clientes VALUES (88,'0100000088','Johanna','Macas','0991110088','johanna.macas88@mail.com');
INSERT INTO Vmoran.clientes VALUES (89,'0100000089','Kevin','Navas','0991110089','kevin.navas89@mail.com');
INSERT INTO Vmoran.clientes VALUES (90,'0100000090','Liliana','Orellana','0991110090','liliana.orellana90@mail.com');

INSERT INTO Vmoran.clientes VALUES (91,'0100000091','Mario','Padilla','0991110091','mario.padilla91@mail.com');
INSERT INTO Vmoran.clientes VALUES (92,'0100000092','Norma','Quispe','0991110092','norma.quispe92@mail.com');
INSERT INTO Vmoran.clientes VALUES (93,'0100000093','Oscar','Recalde','0991110093','oscar.recalde93@mail.com');
INSERT INTO Vmoran.clientes VALUES (94,'0100000094','Paula','Santillan','0991110094','paula.santillan94@mail.com');
INSERT INTO Vmoran.clientes VALUES (95,'0100000095','Rene','Toapanta','0991110095','rene.toapanta95@mail.com');
INSERT INTO Vmoran.clientes VALUES (96,'0100000096','Silvia','Uquillas','0991110096','silvia.uquillas96@mail.com');
INSERT INTO Vmoran.clientes VALUES (97,'0100000097','Tomas','Velez','0991110097','tomas.velez97@mail.com');
INSERT INTO Vmoran.clientes VALUES (98,'0100000098','Viviana','Yela','0991110098','viviana.yela98@mail.com');
INSERT INTO Vmoran.clientes VALUES (99,'0100000099','Wilson','Zarate','0991110099','wilson.zarate99@mail.com');
INSERT INTO Vmoran.clientes VALUES (100,'0100000100','Andrea','Morales','0991110100','andrea.morales100@mail.com');











--INSERT
INSERT INTO Vmoran.empleados (id_empleado, identificacion, nombres, apellidos, especialidad, telefono, email) VALUES (1,'0200000001','Juan','Pérez','Administrador','0982000001','juan.perez1@empresa.com');
INSERT INTO Vmoran.empleados (id_empleado, identificacion, nombres, apellidos, especialidad, telefono, email) VALUES (2,'0200000002','María','Gómez','Contadora','0982000002','maria.gomez2@empresa.com');
INSERT INTO Vmoran.empleados (id_empleado, identificacion, nombres, apellidos, especialidad, telefono, email) VALUES (3,'0200000003','Carlos','López','Vendedor','0982000003','carlos.lopez3@empresa.com');
INSERT INTO Vmoran.empleados (id_empleado, identificacion, nombres, apellidos, especialidad, telefono, email) VALUES (4,'0200000004','Ana','Martínez','Cajera','0982000004','ana.martinez4@empresa.com');
INSERT INTO Vmoran.empleados (id_empleado, identificacion, nombres, apellidos, especialidad, telefono, email) VALUES (5,'0200000005','Luis','Rodríguez','Bodeguero','0982000005','luis.rodriguez5@empresa.com');
INSERT INTO Vmoran.empleados (id_empleado, identificacion, nombres, apellidos, especialidad, telefono, email) VALUES (6,'0200000006','Carmen','Vera','Recursos Humanos','0982000006','carmen.vera6@empresa.com');
INSERT INTO Vmoran.empleados (id_empleado, identificacion, nombres, apellidos, especialidad, telefono, email) VALUES (7,'0200000007','Pedro','Mendoza','Supervisor','0982000007','pedro.mendoza7@empresa.com');
INSERT INTO Vmoran.empleados (id_empleado, identificacion, nombres, apellidos, especialidad, telefono, email) VALUES (8,'0200000008','Lucía','Castro','Marketing','0982000008','lucia.castro8@empresa.com');
INSERT INTO Vmoran.empleados (id_empleado, identificacion, nombres, apellidos, especialidad, telefono, email) VALUES (9,'0200000009','Jorge','Ramírez','Soporte Técnico','0982000009','jorge.ramirez9@empresa.com');
INSERT INTO Vmoran.empleados (id_empleado, identificacion, nombres, apellidos, especialidad, telefono, email) VALUES (10,'0200000010','Paola','Ortega','Compras','0982000010','paola.ortega10@empresa.com');

INSERT INTO Vmoran.empleados (id_empleado, identificacion, nombres, apellidos, especialidad, telefono, email) VALUES (11,'0200000011','Ricardo','Morales','Logística','0982000011','ricardo.morales11@empresa.com');
INSERT INTO Vmoran.empleados (id_empleado, identificacion, nombres, apellidos, especialidad, telefono, email) VALUES (12,'0200000012','Diana','Flores','Cajera','0982000012','diana.flores12@empresa.com');
INSERT INTO Vmoran.empleados (id_empleado, identificacion, nombres, apellidos, especialidad, telefono, email) VALUES (13,'0200000013','Andrés','Cedeño','Vendedor','0982000013','andres.cedeno13@empresa.com');
INSERT INTO Vmoran.empleados (id_empleado, identificacion, nombres, apellidos, especialidad, telefono, email) VALUES (14,'0200000014','Sofía','Paredes','Marketing','0982000014','sofia.paredes14@empresa.com');
INSERT INTO Vmoran.empleados (id_empleado, identificacion, nombres, apellidos, especialidad, telefono, email) VALUES (15,'0200000015','Fernando','Salazar','Administrador','0982000015','fernando.salazar15@empresa.com');
INSERT INTO Vmoran.empleados (id_empleado, identificacion, nombres, apellidos, especialidad, telefono, email) VALUES (16,'0200000016','Valeria','Suárez','Contadora','0982000016','valeria.suarez16@empresa.com');
INSERT INTO Vmoran.empleados (id_empleado, identificacion, nombres, apellidos, especialidad, telefono, email) VALUES (17,'0200000017','Miguel','Espinoza','Supervisor','0982000017','miguel.espinoza17@empresa.com');
INSERT INTO Vmoran.empleados (id_empleado, identificacion, nombres, apellidos, especialidad, telefono, email) VALUES (18,'0200000018','Natalia','Cabrera','Recursos Humanos','0982000018','natalia.cabrera18@empresa.com');
INSERT INTO Vmoran.empleados (id_empleado, identificacion, nombres, apellidos, especialidad, telefono, email) VALUES (19,'0200000019','Diego','Guerrero','Soporte Técnico','0982000019','diego.guerrero19@empresa.com');
INSERT INTO Vmoran.empleados (id_empleado, identificacion, nombres, apellidos, especialidad, telefono, email) VALUES (20,'0200000020','Camila','Navarro','Compras','0982000020','camila.navarro20@empresa.com');

INSERT INTO Vmoran.empleados (id_empleado, identificacion, nombres, apellidos, especialidad, telefono, email) VALUES (21,'0200000021','Daniel','Peña','Vendedor','0982000021','daniel.pena21@empresa.com');
INSERT INTO Vmoran.empleados (id_empleado, identificacion, nombres, apellidos, especialidad, telefono, email) VALUES (22,'0200000022','Alejandra','Reyes','Cajera','0982000022','alejandra.reyes22@empresa.com');
INSERT INTO Vmoran.empleados (id_empleado, identificacion, nombres, apellidos, especialidad, telefono, email) VALUES (23,'0200000023','Oscar','Benítez','Bodeguero','0982000023','oscar.benitez23@empresa.com');
INSERT INTO Vmoran.empleados (id_empleado, identificacion, nombres, apellidos, especialidad, telefono, email) VALUES (24,'0200000024','Karen','Valdez','Marketing','0982000024','karen.valdez24@empresa.com');
INSERT INTO Vmoran.empleados (id_empleado, identificacion, nombres, apellidos, especialidad, telefono, email) VALUES (25,'0200000025','Héctor','Coronel','Logística','0982000025','hector.coronel25@empresa.com');
INSERT INTO Vmoran.empleados (id_empleado, identificacion, nombres, apellidos, especialidad, telefono, email) VALUES (26,'0200000026','Mónica','Ríos','Recursos Humanos','0982000026','monica.rios26@empresa.com');
INSERT INTO Vmoran.empleados (id_empleado, identificacion, nombres, apellidos, especialidad, telefono, email) VALUES (27,'0200000027','Julio','Aguirre','Supervisor','0982000027','julio.aguirre27@empresa.com');
INSERT INTO Vmoran.empleados (id_empleado, identificacion, nombres, apellidos, especialidad, telefono, email) VALUES (28,'0200000028','Patricia','Sánchez','Contadora','0982000028','patricia.sanchez28@empresa.com');
INSERT INTO Vmoran.empleados (id_empleado, identificacion, nombres, apellidos, especialidad, telefono, email) VALUES (29,'0200000029','Esteban','Vargas','Soporte Técnico','0982000029','esteban.vargas29@empresa.com');
INSERT INTO Vmoran.empleados (id_empleado, identificacion, nombres, apellidos, especialidad, telefono, email) VALUES (30,'0200000030','Lorena','Maldonado','Compras','0982000030','lorena.maldonado30@empresa.com');

INSERT INTO Vmoran.empleados (id_empleado, identificacion, nombres, apellidos, especialidad, telefono, email) VALUES (31,'0200000031','Marco','Quintero','Administrador','0982000031','marco.quintero31@empresa.com');
INSERT INTO Vmoran.empleados (id_empleado, identificacion, nombres, apellidos, especialidad, telefono, email) VALUES (32,'0200000032','Rosa','León','Cajera','0982000032','rosa.leon32@empresa.com');
INSERT INTO Vmoran.empleados (id_empleado, identificacion, nombres, apellidos, especialidad, telefono, email) VALUES (33,'0200000033','Iván','Bravo','Vendedor','0982000033','ivan.bravo33@empresa.com');
INSERT INTO Vmoran.empleados (id_empleado, identificacion, nombres, apellidos, especialidad, telefono, email) VALUES (34,'0200000034','Gabriela','Cruz','Marketing','0982000034','gabriela.cruz34@empresa.com');
INSERT INTO Vmoran.empleados (id_empleado, identificacion, nombres, apellidos, especialidad, telefono, email) VALUES (35,'0200000035','Raúl','Herrera','Bodeguero','0982000035','raul.herrera35@empresa.com');
INSERT INTO Vmoran.empleados (id_empleado, identificacion, nombres, apellidos, especialidad, telefono, email) VALUES (36,'0200000036','Elena','Mora','Recursos Humanos','0982000036','elena.mora36@empresa.com');
INSERT INTO Vmoran.empleados (id_empleado, identificacion, nombres, apellidos, especialidad, telefono, email) VALUES (37,'0200000037','Cristian','Vega','Supervisor','0982000037','cristian.vega37@empresa.com');
INSERT INTO Vmoran.empleados (id_empleado, identificacion, nombres, apellidos, especialidad, telefono, email) VALUES (38,'0200000038','Silvia','Torres','Contadora','0982000038','silvia.torres38@empresa.com');
INSERT INTO Vmoran.empleados (id_empleado, identificacion, nombres, apellidos, especialidad, telefono, email) VALUES (39,'0200000039','Fabián','Rueda','Soporte Técnico','0982000039','fabian.rueda39@empresa.com');
INSERT INTO Vmoran.empleados (id_empleado, identificacion, nombres, apellidos, especialidad, telefono, email) VALUES (40,'0200000040','Verónica','Paz','Compras','0982000040','veronica.paz40@empresa.com');

INSERT INTO Vmoran.empleados (id_empleado, identificacion, nombres, apellidos, especialidad, telefono, email) VALUES (41,'0200000041','Álvaro','Nieto','Vendedor','0982000041','alvaro.nieto41@empresa.com');
INSERT INTO Vmoran.empleados (id_empleado, identificacion, nombres, apellidos, especialidad, telefono, email) VALUES (42,'0200000042','Noelia','Cano','Cajera','0982000042','noelia.cano42@empresa.com');
INSERT INTO Vmoran.empleados (id_empleado, identificacion, nombres, apellidos, especialidad, telefono, email) VALUES (43,'0200000043','Wilson','Chica','Bodeguero','0982000043','wilson.chica43@empresa.com');
INSERT INTO Vmoran.empleados (id_empleado, identificacion, nombres, apellidos, especialidad, telefono, email) VALUES (44,'0200000044','Ruth','López','Marketing','0982000044','ruth.lopez44@empresa.com');
INSERT INTO Vmoran.empleados (id_empleado, identificacion, nombres, apellidos, especialidad, telefono, email) VALUES (45,'0200000045','Mauricio','Silva','Logística','0982000045','mauricio.silva45@empresa.com');
INSERT INTO Vmoran.empleados (id_empleado, identificacion, nombres, apellidos, especialidad, telefono, email) VALUES (46,'0200000046','Claudia','Ortiz','Recursos Humanos','0982000046','claudia.ortiz46@empresa.com');
INSERT INTO Vmoran.empleados (id_empleado, identificacion, nombres, apellidos, especialidad, telefono, email) VALUES (47,'0200000047','Henry','Ponce','Supervisor','0982000047','henry.ponce47@empresa.com');
INSERT INTO Vmoran.empleados (id_empleado, identificacion, nombres, apellidos, especialidad, telefono, email) VALUES (48,'0200000048','Jessica','Molina','Contadora','0982000048','jessica.molina48@empresa.com');
INSERT INTO Vmoran.empleados (id_empleado, identificacion, nombres, apellidos, especialidad, telefono, email) VALUES (49,'0200000049','Bryan','Arias','Soporte Técnico','0982000049','bryan.arias49@empresa.com');
INSERT INTO Vmoran.empleados (id_empleado, identificacion, nombres, apellidos, especialidad, telefono, email) VALUES (50,'0200000050','Karla','Mejía','Compras','0982000050','karla.mejia50@empresa.com');

INSERT INTO Vmoran.empleados (id_empleado, identificacion, nombres, apellidos, especialidad, telefono, email) VALUES (51,'0200000051','Sebastián','Villacís','Administrador','0982000051','sebastian.villacis51@empresa.com');
INSERT INTO Vmoran.empleados (id_empleado, identificacion, nombres, apellidos, especialidad, telefono, email) VALUES (52,'0200000052','Marisol','Toapanta','Cajera','0982000052','marisol.toapanta52@empresa.com');
INSERT INTO Vmoran.empleados (id_empleado, identificacion, nombres, apellidos, especialidad, telefono, email) VALUES (53,'0200000053','Edison','Guamán','Vendedor','0982000053','edison.guaman53@empresa.com');
INSERT INTO Vmoran.empleados (id_empleado, identificacion, nombres, apellidos, especialidad, telefono, email) VALUES (54,'0200000054','Tatiana','Chiluisa','Marketing','0982000054','tatiana.chiluisa54@empresa.com');
INSERT INTO Vmoran.empleados (id_empleado, identificacion, nombres, apellidos, especialidad, telefono, email) VALUES (55,'0200000055','Byron','Caicedo','Bodeguero','0982000055','byron.caicedo55@empresa.com');
INSERT INTO Vmoran.empleados (id_empleado, identificacion, nombres, apellidos, especialidad, telefono, email) VALUES (56,'0200000056','Gloria','Yépez','Recursos Humanos','0982000056','gloria.yepez56@empresa.com');
INSERT INTO Vmoran.empleados (id_empleado, identificacion, nombres, apellidos, especialidad, telefono, email) VALUES (57,'0200000057','Jonathan','Quishpe','Supervisor','0982000057','jonathan.quishpe57@empresa.com');
INSERT INTO Vmoran.empleados (id_empleado, identificacion, nombres, apellidos, especialidad, telefono, email) VALUES (58,'0200000058','Paulina','Herrera','Contadora','0982000058','paulina.herrera58@empresa.com');
INSERT INTO Vmoran.empleados (id_empleado, identificacion, nombres, apellidos, especialidad, telefono, email) VALUES (59,'0200000059','Cristóbal','Mena','Soporte Técnico','0982000059','cristobal.mena59@empresa.com');
INSERT INTO Vmoran.empleados (id_empleado, identificacion, nombres, apellidos, especialidad, telefono, email) VALUES (60,'0200000060','Denisse','Santana','Compras','0982000060','denisse.santana60@empresa.com');

INSERT INTO Vmoran.empleados (id_empleado, identificacion, nombres, apellidos, especialidad, telefono, email) VALUES (61,'0200000061','René','Córdova','Vendedor','0982000061','rene.cordova61@empresa.com');
INSERT INTO Vmoran.empleados (id_empleado, identificacion, nombres, apellidos, especialidad, telefono, email) VALUES (62,'0200000062','Pamela','Pico','Cajera','0982000062','pamela.pico62@empresa.com');
INSERT INTO Vmoran.empleados (id_empleado, identificacion, nombres, apellidos, especialidad, telefono, email) VALUES (63,'0200000063','Freddy','Macías','Bodeguero','0982000063','freddy.macias63@empresa.com');
INSERT INTO Vmoran.empleados (id_empleado, identificacion, nombres, apellidos, especialidad, telefono, email) VALUES (64,'0200000064','Andrea','Lema','Marketing','0982000064','andrea.lema64@empresa.com');
INSERT INTO Vmoran.empleados (id_empleado, identificacion, nombres, apellidos, especialidad, telefono, email) VALUES (65,'0200000065','Oswaldo','Calle','Logística','0982000065','oswaldo.calle65@empresa.com');
INSERT INTO Vmoran.empleados (id_empleado, identificacion, nombres, apellidos, especialidad, telefono, email) VALUES (66,'0200000066','Patty','Iza','Recursos Humanos','0982000066','patty.iza66@empresa.com');
INSERT INTO Vmoran.empleados (id_empleado, identificacion, nombres, apellidos, especialidad, telefono, email) VALUES (67,'0200000067','Roberto','Rosero','Supervisor','0982000067','roberto.rosero67@empresa.com');
INSERT INTO Vmoran.empleados (id_empleado, identificacion, nombres, apellidos, especialidad, telefono, email) VALUES (68,'0200000068','Nataly','Paspuel','Contadora','0982000068','nataly.paspuel68@empresa.com');
INSERT INTO Vmoran.empleados (id_empleado, identificacion, nombres, apellidos, especialidad, telefono, email) VALUES (69,'0200000069','Israel','Guacho','Soporte Técnico','0982000069','israel.guacho69@empresa.com');
INSERT INTO Vmoran.empleados (id_empleado, identificacion, nombres, apellidos, especialidad, telefono, email) VALUES (70,'0200000070','Johanna','Armas','Compras','0982000070','johanna.armas70@empresa.com');

INSERT INTO Vmoran.empleados (id_empleado, identificacion, nombres, apellidos, especialidad, telefono, email) VALUES (71,'0200000071','Kevin','Tipán','Vendedor','0982000071','kevin.tipan71@empresa.com');
INSERT INTO Vmoran.empleados (id_empleado, identificacion, nombres, apellidos, especialidad, telefono, email) VALUES (72,'0200000072','Mireya','Pallo','Cajera','0982000072','mireya.pallo72@empresa.com');
INSERT INTO Vmoran.empleados (id_empleado, identificacion, nombres, apellidos, especialidad, telefono, email) VALUES (73,'0200000073','Ángel','Quilumba','Bodeguero','0982000073','angel.quilumba73@empresa.com');
INSERT INTO Vmoran.empleados (id_empleado, identificacion, nombres, apellidos, especialidad, telefono, email) VALUES (74,'0200000074','Liliana','Cisneros','Marketing','0982000074','liliana.cisneros74@empresa.com');
INSERT INTO Vmoran.empleados (id_empleado, identificacion, nombres, apellidos, especialidad, telefono, email) VALUES (75,'0200000075','Patricio','Ulloa','Logística','0982000075','patricio.ulloa75@empresa.com');
INSERT INTO Vmoran.empleados (id_empleado, identificacion, nombres, apellidos, especialidad, telefono, email) VALUES (76,'0200000076','Rosana','Pilataxi','Recursos Humanos','0982000076','rosana.pilataxi76@empresa.com');
INSERT INTO Vmoran.empleados (id_empleado, identificacion, nombres, apellidos, especialidad, telefono, email) VALUES (77,'0200000077','Cristian','Toledo','Supervisor','0982000077','cristian.toledo77@empresa.com');
INSERT INTO Vmoran.empleados (id_empleado, identificacion, nombres, apellidos, especialidad, telefono, email) VALUES (78,'0200000078','Daniela','Zúñiga','Contadora','0982000078','daniela.zuniga78@empresa.com');
INSERT INTO Vmoran.empleados (id_empleado, identificacion, nombres, apellidos, especialidad, telefono, email) VALUES (79,'0200000079','Marco','Soria','Soporte Técnico','0982000079','marco.soria79@empresa.com');
INSERT INTO Vmoran.empleados (id_empleado, identificacion, nombres, apellidos, especialidad, telefono, email) VALUES (80,'0200000080','Katherine','Bolaños','Compras','0982000080','katherine.bolanos80@empresa.com');

INSERT INTO Vmoran.empleados (id_empleado, identificacion, nombres, apellidos, especialidad, telefono, email) VALUES (81,'0200000081','Hugo','Chávez','Administrador','0982000081','hugo.chavez81@empresa.com');
INSERT INTO Vmoran.empleados (id_empleado, identificacion, nombres, apellidos, especialidad, telefono, email) VALUES (82,'0200000082','Rocío','Villamar','Cajera','0982000082','rocio.villamar82@empresa.com');
INSERT INTO Vmoran.empleados (id_empleado, identificacion, nombres, apellidos, especialidad, telefono, email) VALUES (83,'0200000083','Alex','Zambrano','Vendedor','0982000083','alex.zambrano83@empresa.com');
INSERT INTO Vmoran.empleados (id_empleado, identificacion, nombres, apellidos, especialidad, telefono, email) VALUES (84,'0200000084','Daniela','Macías','Marketing','0982000084','daniela.macias84@empresa.com');
INSERT INTO Vmoran.empleados (id_empleado, identificacion, nombres, apellidos, especialidad, telefono, email) VALUES (85,'0200000085','Pablo','Rivas','Logística','0982000085','pablo.rivas85@empresa.com');
INSERT INTO Vmoran.empleados (id_empleado, identificacion, nombres, apellidos, especialidad, telefono, email) VALUES (86,'0200000086','Karen','Mora','Recursos Humanos','0982000086','karen.mora86@empresa.com');
INSERT INTO Vmoran.empleados (id_empleado, identificacion, nombres, apellidos, especialidad, telefono, email) VALUES (87,'0200000087','José','Loor','Supervisor','0982000087','jose.loor87@empresa.com');
INSERT INTO Vmoran.empleados (id_empleado, identificacion, nombres, apellidos, especialidad, telefono, email) VALUES (88,'0200000088','Ángela','Peñafiel','Contadora','0982000088','angela.penafiel88@empresa.com');
INSERT INTO Vmoran.empleados (id_empleado, identificacion, nombres, apellidos, especialidad, telefono, email) VALUES (89,'0200000089','Kevin','Chávez','Soporte Técnico','0982000089','kevin.chavez89@empresa.com');
INSERT INTO Vmoran.empleados (id_empleado, identificacion, nombres, apellidos, especialidad, telefono, email) VALUES (90,'0200000090','Vanessa','Luna','Compras','0982000090','vanessa.luna90@empresa.com');

INSERT INTO Vmoran.empleados (id_empleado, identificacion, nombres, apellidos, especialidad, telefono, email) VALUES (91,'0200000091','Mario','Cevallos','Vendedor','0982000091','mario.cevallos91@empresa.com');
INSERT INTO Vmoran.empleados (id_empleado, identificacion, nombres, apellidos, especialidad, telefono, email) VALUES (92,'0200000092','Rocío','Villacís','Cajera','0982000092','rocio.villacis92@empresa.com');
INSERT INTO Vmoran.empleados (id_empleado, identificacion, nombres, apellidos, especialidad, telefono, email) VALUES (93,'0200000093','Alexis','Zhañay','Bodeguero','0982000093','alexis.zhanay93@empresa.com');
INSERT INTO Vmoran.empleados (id_empleado, identificacion, nombres, apellidos, especialidad, telefono, email) VALUES (94,'0200000094','Daniela','Tandazo','Marketing','0982000094','daniela.tandazo94@empresa.com');
INSERT INTO Vmoran.empleados (id_empleado, identificacion, nombres, apellidos, especialidad, telefono, email) VALUES (95,'0200000095','Pablo','Quintero','Logística','0982000095','pablo.quintero95@empresa.com');
INSERT INTO Vmoran.empleados (id_empleado, identificacion, nombres, apellidos, especialidad, telefono, email) VALUES (96,'0200000096','Karen','Benavides','Recursos Humanos','0982000096','karen.benavides96@empresa.com');
INSERT INTO Vmoran.empleados (id_empleado, identificacion, nombres, apellidos, especialidad, telefono, email) VALUES (97,'0200000097','José','López','Supervisor','0982000097','jose.lopez97@empresa.com');
INSERT INTO Vmoran.empleados (id_empleado, identificacion, nombres, apellidos, especialidad, telefono, email) VALUES (98,'0200000098','Angela','Ruiz','Contadora','0982000098','angela.ruiz98@empresa.com');
INSERT INTO Vmoran.empleados (id_empleado, identificacion, nombres, apellidos, especialidad, telefono, email) VALUES (99,'0200000099','Kevin','Ortega','Soporte Técnico','0982000099','kevin.ortega99@empresa.com');
INSERT INTO Vmoran.empleados (id_empleado, identificacion, nombres, apellidos, especialidad, telefono, email) VALUES (100,'0200000100','Vanessa','Molina','Administrador','0982000100','vanessa.molina100@empresa.com');











INSERT INTO Vmoran.servicios (nombre, descripcion, duracion_minutos, precio) VALUES
('Corte de cabello básico','Corte tradicional',30,8.00),
('Corte de cabello premium','Corte con lavado',45,12.00),
('Corte masculino','Corte moderno para hombre',30,9.00),
('Corte femenino','Corte estilizado',45,14.00),
('Corte infantil','Corte para niños',25,6.00),
('Lavado de cabello','Lavado profundo',20,5.00),
('Peinado sencillo','Peinado básico',30,7.00),
('Peinado profesional','Peinado para eventos',60,15.00),
('Alisado brasileño','Alisado duradero',180,90.00),
('Alisado keratina','Tratamiento con keratina',160,85.00),
('Tratamiento capilar nutritivo','Nutrición profunda',50,22.00),
('Tratamiento capilar reparador','Reparación capilar',60,30.00),
('Tinte cabello corto','Coloración básica',60,25.00),
('Tinte cabello largo','Coloración completa',90,40.00),
('Mechas tradicionales','Mechas clásicas',120,55.00),
('Balayage','Técnica balayage',150,80.00),
('Barba básica','Arreglo simple de barba',20,6.00),
('Barba premium','Perfilado y tratamiento',35,12.00),
('Afeitado clásico','Afeitado tradicional',25,7.00),
('Afeitado premium','Afeitado con tratamiento',40,15.00),
('Manicure básica','Esmaltado básico',30,10.00),
('Manicure francesa','Diseño francés',40,14.00),
('Manicure spa','Tratamiento de manos',60,20.00),
('Pedicure básica','Cuidado de pies',40,12.00),
('Pedicure spa','Pedicure completo',70,25.00),
('Uñas acrílicas','Aplicación acrílica',90,35.00),
('Uñas en gel','Aplicación en gel',80,30.00),
('Decoración de uñas','Diseños personalizados',20,5.00),
('Retiro de uñas','Retiro de acrílico o gel',30,10.00),
('Spa de manos','Tratamiento de manos',45,18.00),
('Spa de pies','Tratamiento de pies',50,22.00),
('Limpieza facial básica','Limpieza de rostro',45,18.00),
('Limpieza facial profunda','Tratamiento facial',70,30.00),
('Tratamiento antiacné','Control de acné',60,28.00),
('Tratamiento hidratante','Hidratación facial',50,25.00),
('Tratamiento rejuvenecedor','Antiedad facial',75,40.00),
('Mascarilla facial','Aplicación nutritiva',30,12.00),
('Exfoliación facial','Eliminación de impurezas',35,15.00),
('Depilación cejas','Perfilado de cejas',15,4.00),
('Depilación bigote','Depilación labio',10,3.00),
('Depilación axilas','Depilación con cera',20,6.00),
('Depilación brazos','Depilación brazos completos',35,15.00),
('Depilación piernas','Depilación piernas completas',45,18.00),
('Depilación espalda','Depilación de espalda',40,20.00),
('Depilación facial completa','Rostro completo',30,10.00),
('Masaje relajante','Masaje antiestrés',60,30.00),
('Masaje terapéutico','Masaje muscular',60,35.00),
('Masaje descontracturante','Masaje intenso',60,40.00),
('Masaje con piedras','Piedras calientes',80,45.00),
('Masaje aromaterapia','Aceites esenciales',60,38.00),
('Masaje deportivo','Recuperación muscular',60,42.00),
('Drenaje linfático','Estimulación linfática',60,40.00),
('Reflexología','Masaje de pies',45,28.00),
('Shiatsu','Masaje japonés',60,45.00),
('Exfoliación corporal','Cuidado corporal',50,25.00),
('Envoltura corporal','Tratamiento corporal',70,35.00),
('Spa corporal','Tratamiento completo',120,70.00),
('Tratamiento reductor','Reducción de medidas',80,55.00),
('Tratamiento reafirmante','Tonificación corporal',60,40.00),
('Tratamiento anticelulítico','Control de celulitis',70,45.00),
('Maquillaje social','Maquillaje básico',60,35.00),
('Maquillaje profesional','Alta duración',80,50.00),
('Maquillaje de novia','Maquillaje especial',120,90.00),
('Mascarilla capilar','Hidratación capilar',30,15.00),
('Ampolla capilar','Reparación intensa',25,18.00),
('Corte express','Corte rápido',20,6.00),
('Lavado y secado','Servicio rápido',30,8.00),
('Peinado infantil','Peinado para niños',25,6.00),
('Spa express','Servicio rápido spa',30,15.00),
('Consulta estética','Evaluación personalizada',20,5.00),

('Maquillaje de novia','Maquillaje para bodas',120,90.00),             
('Consulta estética','Evaluación personalizada',20,5.00),              
('Spa facial','Tratamiento facial completo',90,45.00),                 
('Hidratación corporal','Hidratación profunda',60,30.00),              
('Masaje craneal','Relajación craneal',30,20.00),                      
('Masaje facial','Estimulación facial',40,25.00),                      
('Lifting facial','Reafirmación facial',60,50.00),                     
('Radiofrecuencia facial','Estimulación de colágeno',60,55.00),        
('Ultrasonido corporal','Reducción localizada',70,60.00),              
('Cavitación','Reducción de grasa localizada',80,65.00),
('Masaje con ventosas','Terapia con ventosas',60,45.00),                
('Masaje ayurvédico','Masaje tradicional indio',90,65.00),              
('Masaje prenatal','Masaje para embarazadas',60,40.00),                 
('Masaje postnatal','Recuperación postparto',60,42.00),                 
('Tratamiento facial antioxidante','Protección de la piel',60,38.00),   
('Tratamiento facial iluminador','Mejora el brillo del rostro',60,40.00),
('Hidratación profunda capilar','Hidratación intensiva',60,32.00),      
('Reconstrucción capilar','Reparación avanzada del cabello',70,45.00),  
('Tratamiento relajante de espalda','Relajación muscular',45,28.00),    
('Spa integral premium','Experiencia completa de spa',150,95.00),
('Balayage','Técnica moderna de color',150,80.00),                       
('Babylights','Iluminación capilar',140,75.00),                          
('Reflejos','Reflejos naturales',110,50.00),                             
('Barba básica','Arreglo de barba',20,6.00),                             
('Barba premium','Perfilado y tratamiento',35,12.00),                    
('Afeitado clásico','Afeitado tradicional',25,7.00),                     
('Afeitado premium','Afeitado con toalla caliente',40,15.00),            
('Diseño de cejas','Perfilado de cejas',15,5.00),                        
('Depilación de cejas','Depilación con cera',15,4.00),                   
('Depilación de bigote','Labio superior',10,3.00);















INSERT INTO Vmoran.citas (id_cita, id_cliente, id_empleado, fecha, hora, estado) VALUES
(1,1,1,'2025-01-02','09:00','Programada');
INSERT INTO Vmoran.citas VALUES (2,2,2,'2025-01-02','09:30','Atendida');
INSERT INTO Vmoran.citas VALUES (3,3,3,'2025-01-02','10:00','Cancelada');
INSERT INTO Vmoran.citas VALUES (4,4,4,'2025-01-02','10:30','Programada');
INSERT INTO Vmoran.citas VALUES (5,5,5,'2025-01-02','11:00','Atendida');
INSERT INTO Vmoran.citas VALUES (6,6,6,'2025-01-02','11:30','Programada');
INSERT INTO Vmoran.citas VALUES (7,7,7,'2025-01-02','12:00','Cancelada');
INSERT INTO Vmoran.citas VALUES (8,8,8,'2025-01-02','12:30','Programada');
INSERT INTO Vmoran.citas VALUES (9,9,9,'2025-01-02','13:00','Atendida');
INSERT INTO Vmoran.citas VALUES (10,10,10,'2025-01-02','13:30','Programada');

INSERT INTO Vmoran.citas VALUES (11,11,11,'2025-01-03','09:00','Programada');
INSERT INTO Vmoran.citas VALUES (12,12,12,'2025-01-03','09:30','Atendida');
INSERT INTO Vmoran.citas VALUES (13,13,13,'2025-01-03','10:00','Cancelada');
INSERT INTO Vmoran.citas VALUES (14,14,14,'2025-01-03','10:30','Programada');
INSERT INTO Vmoran.citas VALUES (15,15,15,'2025-01-03','11:00','Atendida');
INSERT INTO Vmoran.citas VALUES (16,16,16,'2025-01-03','11:30','Programada');
INSERT INTO Vmoran.citas VALUES (17,17,17,'2025-01-03','12:00','Cancelada');
INSERT INTO Vmoran.citas VALUES (18,18,18,'2025-01-03','12:30','Programada');
INSERT INTO Vmoran.citas VALUES (19,19,19,'2025-01-03','13:00','Atendida');
INSERT INTO Vmoran.citas VALUES (20,20,20,'2025-01-03','13:30','Programada');

INSERT INTO Vmoran.citas VALUES (21,21,21,'2025-01-04','09:00','Programada');
INSERT INTO Vmoran.citas VALUES (22,22,22,'2025-01-04','09:30','Atendida');
INSERT INTO Vmoran.citas VALUES (23,23,23,'2025-01-04','10:00','Cancelada');
INSERT INTO Vmoran.citas VALUES (24,24,24,'2025-01-04','10:30','Programada');
INSERT INTO Vmoran.citas VALUES (25,25,25,'2025-01-04','11:00','Atendida');
INSERT INTO Vmoran.citas VALUES (26,26,26,'2025-01-04','11:30','Programada');
INSERT INTO Vmoran.citas VALUES (27,27,27,'2025-01-04','12:00','Cancelada');
INSERT INTO Vmoran.citas VALUES (28,28,28,'2025-01-04','12:30','Programada');
INSERT INTO Vmoran.citas VALUES (29,29,29,'2025-01-04','13:00','Atendida');
INSERT INTO Vmoran.citas VALUES (30,30,30,'2025-01-04','13:30','Programada');

INSERT INTO Vmoran.citas VALUES (31,31,31,'2025-01-05','09:00','Programada');
INSERT INTO Vmoran.citas VALUES (32,32,32,'2025-01-05','09:30','Atendida');
INSERT INTO Vmoran.citas VALUES (33,33,33,'2025-01-05','10:00','Cancelada');
INSERT INTO Vmoran.citas VALUES (34,34,34,'2025-01-05','10:30','Programada');
INSERT INTO Vmoran.citas VALUES (35,35,35,'2025-01-05','11:00','Atendida');
INSERT INTO Vmoran.citas VALUES (36,36,36,'2025-01-05','11:30','Programada');
INSERT INTO Vmoran.citas VALUES (37,37,37,'2025-01-05','12:00','Cancelada');
INSERT INTO Vmoran.citas VALUES (38,38,38,'2025-01-05','12:30','Programada');
INSERT INTO Vmoran.citas VALUES (39,39,39,'2025-01-05','13:00','Atendida');
INSERT INTO Vmoran.citas VALUES (40,40,40,'2025-01-05','13:30','Programada');

INSERT INTO Vmoran.citas VALUES (41,41,41,'2025-01-06','09:00','Programada');
INSERT INTO Vmoran.citas VALUES (42,42,42,'2025-01-06','09:30','Atendida');
INSERT INTO Vmoran.citas VALUES (43,43,43,'2025-01-06','10:00','Cancelada');
INSERT INTO Vmoran.citas VALUES (44,44,44,'2025-01-06','10:30','Programada');
INSERT INTO Vmoran.citas VALUES (45,45,45,'2025-01-06','11:00','Atendida');
INSERT INTO Vmoran.citas VALUES (46,46,46,'2025-01-06','11:30','Programada');
INSERT INTO Vmoran.citas VALUES (47,47,47,'2025-01-06','12:00','Cancelada');
INSERT INTO Vmoran.citas VALUES (48,48,48,'2025-01-06','12:30','Programada');
INSERT INTO Vmoran.citas VALUES (49,49,49,'2025-01-06','13:00','Atendida');
INSERT INTO Vmoran.citas VALUES (50,50,50,'2025-01-06','13:30','Programada');

INSERT INTO Vmoran.citas VALUES (51,51,51,'2025-01-07','09:00','Programada');
INSERT INTO Vmoran.citas VALUES (52,52,52,'2025-01-07','09:30','Atendida');
INSERT INTO Vmoran.citas VALUES (53,53,53,'2025-01-07','10:00','Cancelada');
INSERT INTO Vmoran.citas VALUES (54,54,54,'2025-01-07','10:30','Programada');
INSERT INTO Vmoran.citas VALUES (55,55,55,'2025-01-07','11:00','Atendida');
INSERT INTO Vmoran.citas VALUES (56,56,56,'2025-01-07','11:30','Programada');
INSERT INTO Vmoran.citas VALUES (57,57,57,'2025-01-07','12:00','Cancelada');
INSERT INTO Vmoran.citas VALUES (58,58,58,'2025-01-07','12:30','Programada');
INSERT INTO Vmoran.citas VALUES (59,59,59,'2025-01-07','13:00','Atendida');
INSERT INTO Vmoran.citas VALUES (60,60,60,'2025-01-07','13:30','Programada');

INSERT INTO Vmoran.citas VALUES (61,61,61,'2025-01-08','09:00','Programada');
INSERT INTO Vmoran.citas VALUES (62,62,62,'2025-01-08','09:30','Atendida');
INSERT INTO Vmoran.citas VALUES (63,63,63,'2025-01-08','10:00','Cancelada');
INSERT INTO Vmoran.citas VALUES (64,64,64,'2025-01-08','10:30','Programada');
INSERT INTO Vmoran.citas VALUES (65,65,65,'2025-01-08','11:00','Atendida');
INSERT INTO Vmoran.citas VALUES (66,66,66,'2025-01-08','11:30','Programada');
INSERT INTO Vmoran.citas VALUES (67,67,67,'2025-01-08','12:00','Cancelada');
INSERT INTO Vmoran.citas VALUES (68,68,68,'2025-01-08','12:30','Programada');
INSERT INTO Vmoran.citas VALUES (69,69,69,'2025-01-08','13:00','Atendida');
INSERT INTO Vmoran.citas VALUES (70,70,70,'2025-01-08','13:30','Programada');

INSERT INTO Vmoran.citas VALUES (71,71,71,'2025-01-09','09:00','Programada');
INSERT INTO Vmoran.citas VALUES (72,72,72,'2025-01-09','09:30','Atendida');
INSERT INTO Vmoran.citas VALUES (73,73,73,'2025-01-09','10:00','Cancelada');
INSERT INTO Vmoran.citas VALUES (74,74,74,'2025-01-09','10:30','Programada');
INSERT INTO Vmoran.citas VALUES (75,75,75,'2025-01-09','11:00','Atendida');
INSERT INTO Vmoran.citas VALUES (76,76,76,'2025-01-09','11:30','Programada');
INSERT INTO Vmoran.citas VALUES (77,77,77,'2025-01-09','12:00','Cancelada');
INSERT INTO Vmoran.citas VALUES (78,78,78,'2025-01-09','12:30','Programada');
INSERT INTO Vmoran.citas VALUES (79,79,79,'2025-01-09','13:00','Atendida');
INSERT INTO Vmoran.citas VALUES (80,80,80,'2025-01-09','13:30','Programada');

INSERT INTO Vmoran.citas VALUES (81,81,81,'2025-01-10','09:00','Programada');
INSERT INTO Vmoran.citas VALUES (82,82,82,'2025-01-10','09:30','Atendida');
INSERT INTO Vmoran.citas VALUES (83,83,83,'2025-01-10','10:00','Cancelada');
INSERT INTO Vmoran.citas VALUES (84,84,84,'2025-01-10','10:30','Programada');
INSERT INTO Vmoran.citas VALUES (85,85,85,'2025-01-10','11:00','Atendida');
INSERT INTO Vmoran.citas VALUES (86,86,86,'2025-01-10','11:30','Programada');
INSERT INTO Vmoran.citas VALUES (87,87,87,'2025-01-10','12:00','Cancelada');
INSERT INTO Vmoran.citas VALUES (88,88,88,'2025-01-10','12:30','Programada');
INSERT INTO Vmoran.citas VALUES (89,89,89,'2025-01-10','13:00','Atendida');
INSERT INTO Vmoran.citas VALUES (90,90,90,'2025-01-10','13:30','Programada');

INSERT INTO Vmoran.citas VALUES (91,91,91,'2025-01-11','09:00','Programada');
INSERT INTO Vmoran.citas VALUES (92,92,92,'2025-01-11','09:30','Atendida');
INSERT INTO Vmoran.citas VALUES (93,93,93,'2025-01-11','10:00','Cancelada');
INSERT INTO Vmoran.citas VALUES (94,94,94,'2025-01-11','10:30','Programada');
INSERT INTO Vmoran.citas VALUES (95,95,95,'2025-01-11','11:00','Atendida');
INSERT INTO Vmoran.citas VALUES (96,96,96,'2025-01-11','11:30','Programada');
INSERT INTO Vmoran.citas VALUES (97,97,97,'2025-01-11','12:00','Cancelada');
INSERT INTO Vmoran.citas VALUES (98,98,98,'2025-01-11','12:30','Programada');
INSERT INTO Vmoran.citas VALUES (99,99,99,'2025-01-11','13:00','Atendida');
INSERT INTO Vmoran.citas VALUES (100,100,100,'2025-01-11','13:30','Programada');






INSERT INTO Vmoran.detalle_cita (id_cita, id_servicio, precio_aplicado) VALUES
(1,1,8.00),
(2,2,12.00),
(3,3,9.00),
(4,4,14.00),
(5,5,6.00),
(6,6,5.00),
(7,7,7.00),
(8,8,15.00),
(9,9,90.00),
(10,10,85.00),

(11,11,22.00),
(12,12,30.00),
(13,13,25.00),
(14,14,40.00),
(15,15,55.00),
(16,16,80.00),
(17,17,6.00),
(18,18,12.00),
(19,19,7.00),
(20,20,15.00),

(21,21,10.00),
(22,22,14.00),
(23,23,20.00),
(24,24,12.00),
(25,25,25.00),
(26,26,35.00),
(27,27,30.00),
(28,28,5.00),
(29,29,10.00),
(30,30,18.00),

(31,31,22.00),
(32,32,18.00),
(33,33,30.00),
(34,34,28.00),
(35,35,25.00),
(36,36,40.00),
(37,37,12.00),
(38,38,15.00),
(39,39,4.00),
(40,40,3.00),

(41,41,6.00),
(42,42,15.00),
(43,43,18.00),
(44,44,20.00),
(45,45,10.00),
(46,46,30.00),
(47,47,35.00),
(48,48,40.00),
(49,49,45.00),
(50,50,38.00),

(51,51,42.00),
(52,52,40.00),
(53,53,28.00),
(54,54,45.00),
(55,55,25.00),
(56,56,35.00),
(57,57,70.00),
(58,58,55.00),
(59,59,40.00),
(60,60,45.00),

(61,61,35.00),
(62,62,50.00),
(63,63,90.00),
(64,64,15.00),
(65,65,18.00),
(66,66,6.00),
(67,67,8.00),
(68,68,6.00),
(69,69,15.00),
(70,70,5.00),

(71,71,90.00),
(72,72,5.00),
(73,73,45.00),
(74,74,30.00),
(75,75,20.00),
(76,76,25.00),
(77,77,50.00),
(78,78,55.00),
(79,79,60.00),
(80,80,65.00),

(81,81,45.00),
(82,82,65.00),
(83,83,40.00),
(84,84,42.00),
(85,85,38.00),
(86,86,40.00),
(87,87,32.00),
(88,88,45.00),
(89,89,28.00),
(90,90,95.00),

(91,91,80.00),
(92,92,75.00),
(93,93,50.00),
(94,94,6.00),
(95,95,12.00),
(96,96,7.00),
(97,97,15.00),
(98,98,4.00),
(99,99,3.00),
(100,100,5.00);








INSERT INTO Vmoran.pagos (id_cita, metodo_pago, monto) VALUES
(1,'Efectivo',15.00),
(2,'Tarjeta',25.00),
(3,'Transferencia',0.00),
(4,'Efectivo',18.00),
(5,'Tarjeta',30.00),
(6,'Efectivo',20.00),
(7,'Transferencia',0.00),
(8,'Tarjeta',22.00),
(9,'Efectivo',35.00),
(10,'Tarjeta',28.00),

(11,'Efectivo',18.00),
(12,'Tarjeta',30.00),
(13,'Transferencia',0.00),
(14,'Efectivo',22.00),
(15,'Tarjeta',40.00),
(16,'Efectivo',25.00),
(17,'Transferencia',0.00),
(18,'Tarjeta',35.00),
(19,'Efectivo',28.00),
(20,'Tarjeta',30.00),

(21,'Efectivo',20.00),
(22,'Tarjeta',25.00),
(23,'Transferencia',0.00),
(24,'Efectivo',18.00),
(25,'Tarjeta',45.00),
(26,'Efectivo',22.00),
(27,'Transferencia',0.00),
(28,'Tarjeta',30.00),
(29,'Efectivo',35.00),
(30,'Tarjeta',28.00),

(31,'Efectivo',18.00),
(32,'Tarjeta',32.00),
(33,'Transferencia',0.00),
(34,'Efectivo',20.00),
(35,'Tarjeta',40.00),
(36,'Efectivo',25.00),
(37,'Transferencia',0.00),
(38,'Tarjeta',30.00),
(39,'Efectivo',28.00),
(40,'Tarjeta',35.00),

(41,'Efectivo',20.00),
(42,'Tarjeta',30.00),
(43,'Transferencia',0.00),
(44,'Efectivo',22.00),
(45,'Tarjeta',45.00),
(46,'Efectivo',25.00),
(47,'Transferencia',0.00),
(48,'Tarjeta',35.00),
(49,'Efectivo',28.00),
(50,'Tarjeta',40.00),

(51,'Efectivo',18.00),
(52,'Tarjeta',30.00),
(53,'Transferencia',0.00),
(54,'Efectivo',22.00),
(55,'Tarjeta',35.00),
(56,'Efectivo',25.00),
(57,'Transferencia',0.00),
(58,'Tarjeta',32.00),
(59,'Efectivo',28.00),
(60,'Tarjeta',40.00),

(61,'Efectivo',20.00),
(62,'Tarjeta',30.00),
(63,'Transferencia',0.00),
(64,'Efectivo',22.00),
(65,'Tarjeta',45.00),
(66,'Efectivo',25.00),
(67,'Transferencia',0.00),
(68,'Tarjeta',35.00),
(69,'Efectivo',28.00),
(70,'Tarjeta',40.00),

(71,'Efectivo',18.00),
(72,'Tarjeta',30.00),
(73,'Transferencia',0.00),
(74,'Efectivo',22.00),
(75,'Tarjeta',35.00),
(76,'Efectivo',25.00),
(77,'Transferencia',0.00),
(78,'Tarjeta',32.00),
(79,'Efectivo',28.00),
(80,'Tarjeta',40.00),

(81,'Efectivo',20.00),
(82,'Tarjeta',30.00),
(83,'Transferencia',0.00),
(84,'Efectivo',22.00),
(85,'Tarjeta',45.00),
(86,'Efectivo',25.00),
(87,'Transferencia',0.00),
(88,'Tarjeta',35.00),
(89,'Efectivo',28.00),
(90,'Tarjeta',40.00),

(91,'Efectivo',18.00),
(92,'Tarjeta',30.00),
(93,'Transferencia',0.00),
(94,'Efectivo',22.00),
(95,'Tarjeta',35.00),
(96,'Efectivo',25.00),
(97,'Transferencia',0.00),
(98,'Tarjeta',32.00),
(99,'Efectivo',28.00),
(100,'Tarjeta',40.00);

